run_id,compute_endpoint,prompt_compute_scale,reserve_case,baseline,report_schema_version,tp_size,max_context_tokens,hbm_total_bytes_per_rank,model_weight_bytes_per_rank_estimate,common_hbm_reserve_bytes_per_rank,prefill_hbm_reserve_bytes_per_rank,decode_hbm_reserve_bytes_per_rank,prefill_hbm_kv_budget_bytes_per_rank,decode_hbm_kv_budget_bytes_per_rank,all_request_count,context_admissible_request_count,reuse_eligible_transition_count,decode_hbm_resume_count,cpu_resume_count,ssd_resume_count,recompute_count,decode_hbm_resume_fraction_all_requests,cpu_resume_fraction_all_requests,ssd_resume_fraction_all_requests,cpu_or_ssd_resume_fraction_all_requests,recompute_fraction_all_requests,recompute_fraction_executed_prompt_compute,restore_raw_request_sum_seconds,restore_exposed_request_sum_seconds,restore_exposed_wall_union_seconds,transfer_queue_wait_seconds,transfer_service_seconds,oracle_request_summed_service_slowdown_fraction,oracle_session_e2e_slowdown_fraction,oracle_trace_makespan_slowdown_fraction,request_makespan_seconds,report_sha256
zero_residual__full_causal_scale_1__hbm_lru_recompute,full_causal_scale_1,1.0,zero_residual,hbm_lru_recompute,12,4,1010000,80000000000,15285227520,0,0,0,64714772480,64714772480,357161,357161,338394,84481,0,0,253913,0.23653478403297112,0.0,0.0,0.0,0.7109202852495093,0.9613777435969764,935.264814689,935.264814689,932.743676341,28.451806143,2999.511221173,485.60775801546015,0.21592603475944827,0.003932633542694797,6129879.60797799,9d4f0bd709d858a78c5cef7ffb28577cbaa0345009a6988467a9aaef9182940f
zero_residual__full_causal_scale_1__hbm_ssd_direct,full_causal_scale_1,1.0,zero_residual,hbm_ssd_direct,12,4,1010000,80000000000,15285227520,0,0,0,64714772480,64714772480,357161,357161,338394,132442,0,205952,0,0.37081876240686973,0.0,0.5766363068756107,0.5766363068756107,0.0,0.0,22353178.48906232,22353178.48906232,88838.499976025,1174939.301161575,147014.844661011,453.58225151301787,0.2016858573403406,0.00320307262023678,6125425.005675072,b121cbb9d88abe9776b39cd8846c0084d9c69259845539590419efa45fc84a11
zero_residual__full_causal_scale_1__tiered,full_causal_scale_1,1.0,zero_residual,tiered,12,4,1010000,80000000000,15285227520,0,0,0,64714772480,64714772480,357161,357161,338394,227768,49791,60835,0,0.6377180039254006,0.13940771808792113,0.17032934726915872,0.30973706535707984,0.0,0.0,13105567.464586003,13105567.464586003,61397.23359323,109449.962995427,62423.852702937,262.67043705251814,0.11679670471713477,0.001752052867418863,6116565.271369809,3a428fe5d14644f62c8afc39d72900b4b3093135ede1a16a22f48bb0961f78c8
zero_residual__adversarial_fast_recompute_scale_1_over_3__hbm_lru_recompute,adversarial_fast_recompute_scale_1_over_3,0.3333333333333333,zero_residual,hbm_lru_recompute,12,4,1010000,80000000000,15285227520,0,0,0,64714772480,64714772480,357161,357161,338394,271439,0,0,66955,0.7599905924779021,0.0,0.0,0.0,0.18746447680457834,0.9012727546742455,2428.794817586,2428.794817586,2389.845203509,117.303478145,3000.087489352,15.984557710069815,0.0026619796733711176,6.255051728865091e-05,6103560.908765321,75edab21cf3d0ede9cddbe9ec2c5939ccc010be91ffa331f5823bde23b55cd78
zero_residual__adversarial_fast_recompute_scale_1_over_3__hbm_ssd_direct,adversarial_fast_recompute_scale_1_over_3,0.3333333333333333,zero_residual,hbm_ssd_direct,12,4,1010000,80000000000,15285227520,0,0,0,64714772480,64714772480,357161,357161,338394,126245,0,212149,0,0.35346804382337377,0.0,0.5939870254591066,0.5939870254591066,0.0,0.0,24141655.360757437,24141655.360757437,90847.02049027,1238080.880675291,151086.132945812,1309.1938546680558,0.2180258905401664,0.004169529253545967,6128626.535765137,19dc7b83e9fa61d9de07b093e306cb7a2bded03d5ef45f43dd8f54b6db30bbab
zero_residual__adversarial_fast_recompute_scale_1_over_3__tiered,adversarial_fast_recompute_scale_1_over_3,0.3333333333333333,zero_residual,tiered,12,4,1010000,80000000000,15285227520,0,0,0,64714772480,64714772480,357161,357161,338394,221901,53678,62815,0,0.621291238405089,0.15029076522912635,0.17587306564826508,0.3261638308773914,0.0,0.0,13607497.2676172,13607497.2676172,63339.271861174,120886.446230471,64392.16393418,728.2646458356003,0.12128115892927416,0.0017672355204878532,6113964.906737152,d3052b4575d75b1f006fdda627707acdf94c2a628341db683c8a7ebc0de00584
half_residual__full_causal_scale_1__hbm_lru_recompute,full_causal_scale_1,1.0,half_residual,hbm_lru_recompute,12,4,1010000,80000000000,15285227520,9936923136,9936923136,9936923136,54777849344,54777849344,357161,357161,338394,75821,0,0,262573,0.21228801576879894,0.0,0.0,0.0,0.7351670535136815,0.9659278348047103,890.935408404,890.935408404,888.82249133,24.361120899,2999.485050701,722.0497031690031,0.3210602111088099,0.010134103230053038,6167744.960000551,2bdaaf9c07b232f85ca73d05970790cb9982feee67bdcdf4f5f2d683a1535ea8
half_residual__full_causal_scale_1__hbm_ssd_direct,full_causal_scale_1,1.0,half_residual,hbm_ssd_direct,12,4,1010000,80000000000,15285227520,9936923136,9936923136,9936923136,54777849344,54777849344,357161,357161,338394,124092,0,214302,0,0.3474399500505374,0.0,0.6000151192319431,0.6000151192319431,0.0,0.0,24418344.099730194,24418344.099730194,94054.335401592,1007573.413425354,154047.27972533,495.899450321962,0.22050224729729773,0.0042172903764450265,6131617.684878946,d6107ab6c4cc27223ae2e4d950282a7058c7d69a7afb3fa51d59e410353f3ce7
half_residual__full_causal_scale_1__tiered,full_causal_scale_1,1.0,half_residual,tiered,12,4,1010000,80000000000,15285227520,9936923136,9936923136,9936923136,54777849344,54777849344,357161,357161,338394,216717,58980,62697,0,0.6067767757397924,0.16513561111095557,0.17554268243173246,0.340678293542688,0.0,0.0,13561290.729351832,13561290.729351832,64156.376180333,113276.740288688,65249.470783246,271.76879563520424,0.12084230007501717,0.0017661908602828458,6116651.596080511,9c3ffbe2d72eadbb1768f9fd805931ea70decdbb6b4e7e19193c5642dc331997
half_residual__adversarial_fast_recompute_scale_1_over_3__hbm_lru_recompute,adversarial_fast_recompute_scale_1_over_3,0.3333333333333333,half_residual,hbm_lru_recompute,12,4,1010000,80000000000,15285227520,9936923136,9936923136,9936923136,54777849344,54777849344,357161,357161,338394,220058,0,0,118336,0.6161311005400926,0.0,0.0,0.0,0.3313239687423879,0.9378925375327729,2005.640718241,2005.640718241,1981.040865241,87.330092299,2999.931873616,84.68681485968517,0.01410327291176805,0.00011938049851756283,6103907.752321952,b212ba58ea5e7c35d309a59c6454238061b292adee819e6169bfb3f90413faba
half_residual__adversarial_fast_recompute_scale_1_over_3__hbm_ssd_direct,adversarial_fast_recompute_scale_1_over_3,0.3333333333333333,half_residual,hbm_ssd_direct,12,4,1010000,80000000000,15285227520,9936923136,9936923136,9936923136,54777849344,54777849344,357161,357161,338394,124125,0,214269,0,0.3475323453568559,0.0,0.5999227239256246,0.5999227239256246,0.0,0.0,24376879.28420534,24376879.28420534,93763.50702543,1020760.929875719,153950.015485737,1322.1405474625974,0.22018196102278842,0.004212412154836143,6128888.257794258,b4e587830d2337b5cd5437345c09a6e7d049d9a121ca4d94028a2cc30a28040a
half_residual__adversarial_fast_recompute_scale_1_over_3__tiered,adversarial_fast_recompute_scale_1_over_3,0.3333333333333333,half_residual,tiered,12,4,1010000,80000000000,15285227520,9936923136,9936923136,9936923136,54777849344,54777849344,357161,357161,338394,217434,55968,64992,0,0.6087842737588931,0.15670243951607257,0.18196835600751482,0.3386707955235874,0.0,0.0,13982346.902609613,13982346.902609613,65577.795381853,116950.885071347,66664.636484908,748.3711243618071,0.12462958045651584,0.0017655285961661882,6113954.489072218,ce284e0f3c298f4bf99d7df06d0b723bb4751776367f01e66e0c3d6e947ffbf8
full_residual__full_causal_scale_1__hbm_lru_recompute,full_causal_scale_1,1.0,full_residual,hbm_lru_recompute,12,4,1010000,80000000000,15285227520,19893012480,19893012480,19893012480,44821760000,44821760000,357161,357161,338394,63496,0,0,274898,0.1777797687877456,0.0,0.0,0.0,0.7696753004947349,0.9707502964666055,648.490528587,648.490528587,646.579458551,20.789288402,2999.448324453,1146.649434751839,0.5098589584255466,0.03195801987880165,6300998.902707142,a8fcb836dfcf918b8f5eaaae4e6ebb1bf6a7ab3a95c865f4167918357321aa00
full_residual__full_causal_scale_1__hbm_ssd_direct,full_causal_scale_1,1.0,full_residual,hbm_ssd_direct,12,4,1010000,80000000000,15285227520,19893012480,19893012480,19893012480,44821760000,44821760000,357161,357161,338394,118801,0,219593,0,0.3326259026041477,0.0,0.6148291666783328,0.6148291666783328,0.0,0.0,24890169.1588036,24890169.1588036,99619.992283965,800349.112987885,160322.37816465,505.52888346442353,0.2247839855543845,0.004303811584719153,6132145.971909905,a28eac3ba0745de1bf6cfe59435b8c09a495d7aeb3c9ffeab099b8a08cebb861
full_residual__full_causal_scale_1__tiered,full_causal_scale_1,1.0,full_residual,tiered,12,4,1010000,80000000000,15285227520,19893012480,19893012480,19893012480,44821760000,44821760000,357161,357161,338394,206344,65775,66275,0,0.5777338511203631,0.18416064463925233,0.18556057352286504,0.36972121816211734,0.0,0.0,14235775.393148838,14235775.393148838,68119.389103492,112833.52301281,69288.767695668,285.3213505671776,0.12686845884002484,0.0017866485882436223,6116776.508256151,20382b44c4578daebbb55716017bb4b0f700f37506bb1e8c17e3408b88614335
full_residual__adversarial_fast_recompute_scale_1_over_3__hbm_lru_recompute,adversarial_fast_recompute_scale_1_over_3,0.3333333333333333,full_residual,hbm_lru_recompute,12,4,1010000,80000000000,15285227520,19893012480,19893012480,19893012480,44821760000,44821760000,357161,357161,338394,179410,0,0,158984,0.5023224820179135,0.0,0.0,0.0,0.44513258726456695,0.9561763731314386,1629.039804587,1629.039804587,1611.587113465,73.287231569,2999.808195618,217.44237121770644,0.036211647692103055,0.00024543670326937495,6104677.095922743,6b90067994bd945c7e39a401aad0679929160c0e3f36012ae530cd97cb533ec9
full_residual__adversarial_fast_recompute_scale_1_over_3__hbm_ssd_direct,adversarial_fast_recompute_scale_1_over_3,0.3333333333333333,full_residual,hbm_ssd_direct,12,4,1010000,80000000000,15285227520,19893012480,19893012480,19893012480,44821760000,44821760000,357161,357161,338394,118410,0,219984,0,0.33153115821716256,0.0,0.6159239110653179,0.6159239110653179,0.0,0.0,25042190.215752576,25042190.215752576,99376.054672904,818642.41628309,160166.709436985,1358.5359823361787,0.22624305508583764,0.004375614057242849,6129884.308242553,4041c019759ad31a6344dd2b5c3c7eb0b0666e60832e83e31d36bb8db46d6c50
full_residual__adversarial_fast_recompute_scale_1_over_3__tiered,adversarial_fast_recompute_scale_1_over_3,0.3333333333333333,full_residual,tiered,12,4,1010000,80000000000,15285227520,19893012480,19893012480,19893012480,44821760000,44821760000,357161,357161,338394,208410,63540,66444,0,0.5835183572674508,0.1779029625295035,0.18603374948552615,0.36393671201502964,0.0,0.0,14311562.756069968,14311562.756069968,67814.090085994,114639.406497145,68962.607496369,766.1549996797986,0.12759120851460315,0.0017864181158588899,6114081.981553297,3f280c89f2967687e63f18a4c47ff60ee9bb70bf00c185cd11db4599354081e0
