session_count,system,label,seed_count,seeds,joint_slo_pass_fraction_mean,joint_slo_pass_fraction_ci95_lower,joint_slo_pass_fraction_ci95_upper,slo_loose_mean,slo_loose_ci95_lower,slo_loose_ci95_upper,slo_medium_mean,slo_medium_ci95_lower,slo_medium_ci95_upper,slo_tight_mean,slo_tight_ci95_lower,slo_tight_ci95_upper,goodput_loose_mean,goodput_loose_ci95_lower,goodput_loose_ci95_upper,goodput_medium_mean,goodput_medium_ci95_lower,goodput_medium_ci95_upper,goodput_tight_mean,goodput_tight_ci95_lower,goodput_tight_ci95_upper,first_ttft_p50_s_mean,first_ttft_p50_s_ci95_lower,first_ttft_p50_s_ci95_upper,first_ttft_p95_s_mean,first_ttft_p95_s_ci95_lower,first_ttft_p95_s_ci95_upper,resume_ttft_p50_s_mean,resume_ttft_p50_s_ci95_lower,resume_ttft_p50_s_ci95_upper,resume_ttft_p95_s_mean,resume_ttft_p95_s_ci95_lower,resume_ttft_p95_s_ci95_upper,tpot_p50_ms_mean,tpot_p50_ms_ci95_lower,tpot_p50_ms_ci95_upper,tpot_p95_ms_mean,tpot_p95_ms_ci95_lower,tpot_p95_ms_ci95_upper,output_tokens_per_s_mean,output_tokens_per_s_ci95_lower,output_tokens_per_s_ci95_upper,measurement_window_s_mean,measurement_window_s_ci95_lower,measurement_window_s_ci95_upper,wall_s_mean,wall_s_ci95_lower,wall_s_ci95_upper,peak_rss_mb_mean,peak_rss_mb_ci95_lower,peak_rss_mb_ci95_upper,cpu_prepare_hits_mean,ssd_prepare_hits_mean,d_prepare_hits_mean,d_drops_mean,d_to_cpu_started_mean,d_to_ssd_started_mean,capacity_evictions_mean,migrations_committed_mean,promotion_load_deferrals_mean,recompute_resumes_mean,lower_tier_hits_mean,stable_d_hits_mean,scored_calls_mean,hbf_write_bytes_mean,full_horizon_s_mean,hbf_write_tb_per_day_optimistic,hbf_write_tb_per_day_conservative,hbf_reserved_bytes_peak_mean,hbf_fill_fraction
64,baseline_cpu_ssd,2xHBM+SSD tiering,3,101;102;103,0.9867758609125885,0.9839549866187439,0.9895967352064331,0.9867758609125885,0.9839549866187439,0.9895967352064331,0.9363988688770221,0.9182099995637931,0.954587738190251,0.8777251424281817,0.846126171451205,0.9093241134051584,10.378101240744106,6.343881612234662,14.412320869253552,9.91225467285585,5.958025074237293,13.866484271474407,9.149865882906939,5.658625673023824,12.641106092790054,17.163554173333335,10.151639025542686,24.175469321123984,59.517463991016655,34.89751392397331,84.13741405806,0.35603619616666665,0.32334254882202024,0.38872984351131307,5.028401248466669,3.154415620447542,6.902386876485796,4.905314605757625,4.651356991350926,5.159272220164325,13.629138914348223,12.893100433842143,14.365177394854303,10.550495789151052,6.489260248773689,14.611731329528414,67686.499349779,42285.29112153567,93087.70757802232,101.15936422348022,100.16073099653276,102.15799745042769,6304.104166666667,3099.098084195661,9509.110249137673,0.0,0.0,12411.0,0.0,0.0,0.0,0.0,0.0,0.0,0.0,0.0,12411.0,1563.0,0.0,67686.499349779,0.0,0.0,0.0,0.0
64,hbf_tp8_context,HBM+HBF (tp8_context),3,101;102;103,0.9802817498424856,0.9779628592481335,0.9826006404368377,0.9802817498424856,0.9779628592481335,0.9826006404368377,0.9633813360300048,0.9576928991731266,0.9690697728868829,0.9380135946167042,0.9273525870152919,0.9486746022181165,10.376137615688757,6.3412843645075405,14.410990866869973,10.238455005484253,6.276163135423065,14.200746875545441,10.003884821551868,6.115495397548561,13.892274245555175,34.0291151315,23.882932851216758,44.17529741178324,98.94311078626667,49.95760020447137,147.92862136806198,0.17238957200000002,0.14956752339861215,0.1952116206013879,1.671585985416667,1.2738521922823591,2.069319778550975,6.425747699378777,6.176352294902217,6.675143103855338,18.116105779517017,15.228619136048955,21.00359242298508,10.55245904223565,6.478467405420631,14.62645067905067,67712.17522093134,42224.49609589392,93199.85434596876,418.9107719262441,397.06811683008874,440.7534270223994,918.76953125,910.780791707319,926.758270792681,0.0,22.0,121.0,0.0,0.0,190.66666666666666,0.0,46.666666666666664,1692.3333333333333,0.0,22.0,1.6666666666666667,1563.0,1473288765440.0,67712.17522093134,1.8799004598314422,1.8799004598314422,197316640768.0,0.019384678334610474
64,oracle_infinite_hbm,Infinite-HBM Oracle,3,101;102;103,0.9867758609125885,0.9839549866187439,0.9895967352064331,0.9867758609125885,0.9839549866187439,0.9895967352064331,0.9363988688770221,0.9182099995637931,0.954587738190251,0.8777251424281817,0.846126171451205,0.9093241134051584,10.378101240744106,6.343881612234662,14.412320869253552,9.91225467285585,5.958025074237293,13.866484271474407,9.149865882906939,5.658625673023824,12.641106092790054,17.163554173333335,10.151639025542686,24.175469321123984,59.517463991016655,34.89751392397331,84.13741405806,0.35603619616666665,0.32334254882202024,0.38872984351131307,5.028401248466669,3.154415620447542,6.902386876485796,4.905314605757625,4.651356991350926,5.159272220164325,13.629138914348223,12.893100433842143,14.365177394854303,10.550495789151052,6.489260248773689,14.611731329528414,67686.499349779,42285.29112153567,93087.70757802232,95.90513555208842,94.3725354808954,97.43773562328145,5464.6328125,4692.548637470913,6236.716987529087,0.0,0.0,0.0,0.0,0.0,0.0,0.0,0.0,0.0,0.0,0.0,0.0,1563.0,0.0,67686.499349779,0.0,0.0,0.0,0.0
128,baseline_cpu_ssd,2xHBM+SSD tiering,3,101;102;103,0.9863673404823272,0.9824224520413711,0.9903122289232833,0.9863673404823272,0.9824224520413711,0.9903122289232833,0.9399498144702498,0.931933884639629,0.9479657443008707,0.8891053353593343,0.8664423014880739,0.9117683692305948,5.8646245787524265,-0.6112917886799076,12.34054094618476,5.6502182499707345,-0.6429591254973195,11.94339562543879,5.341424419229964,-0.7190226631456884,11.401871501605616,22.303235620166664,19.93989508029709,24.666576160036236,59.92083164401662,42.76215237893606,77.0795109090972,0.3575424821666666,0.32412315904357414,0.3909618052897591,5.668482798999992,4.548268393349121,6.788697204650864,4.952666773904911,4.8539883082663025,5.051345239543519,20.468833701122502,20.154660960871553,20.783006441373452,5.953297409242765,-0.6241939024923546,12.530788720977885,701739.483092252,276424.98093563237,1127053.9852488716,289.585325717926,289.56970442129034,289.6009470145617,4671.578125,4663.189246956477,4679.967003043523,1082.0,0.0,36646.0,0.0,1150.0,0.0,0.0,0.0,0.0,0.0,1082.0,36621.0,6203.0,0.0,701739.483092252,0.0,0.0,0.0,0.0
128,hbf_tp8_context,HBM+HBF (tp8_context),3,101;102;103,0.9853969114211228,0.9798783457209341,0.9909154771213116,0.9853969114211228,0.9798783457209341,0.9909154771213116,0.9682401657973211,0.9585787698512525,0.9779015617433897,0.945550840014055,0.9280390140234119,0.963062666004698,5.906088437062941,-0.6348356281954413,12.447012502321323,5.7897513438666595,-0.6444191458056716,12.223921833538991,5.669492856227476,-0.6789834548032765,12.017969167258228,55.914940699166664,32.12112156014203,79.7087598381913,120.80624850434992,97.0267862067376,144.58571080196225,0.17319871166666667,0.15514192887700026,0.19125549445633308,1.7359368012999987,1.1108368440935341,2.3610367585064633,6.444927377180643,6.159863595471241,6.729991158890045,29.513199604005894,26.78880349018665,32.23759571782514,5.9477940126388225,-0.6196327779721118,12.515220803249758,701937.2908342379,276756.1084183044,1127118.4732501714,2092.056541045507,2074.3419614195905,2109.7711206714234,1212.9244791666667,1200.0275445377822,1225.8214137955513,0.0,78.0,1072.3333333333333,0.0,0.0,1246.0,0.0,95.66666666666667,5649.0,0.0,78.0,3.3333333333333335,6203.0,3795934248960.0,701937.2908342379,0.4672336452168825,0.4672336452168825,417145913344.0,0.04098103088161902
128,oracle_infinite_hbm,Infinite-HBM Oracle,3,101;102;103,0.9866021797947327,0.982125979076617,0.9910783805128485,0.9866021797947327,0.982125979076617,0.9910783805128485,0.9411728340375367,0.9345858366969091,0.9477598313781643,0.8906862677000226,0.8680641863740374,0.9133083490260078,5.86927020056423,-0.6248276057079121,12.363368006836373,5.649601092516114,-0.6228567508201719,11.922058935852402,5.339137851688627,-0.6686578283661575,11.346933531743412,22.303235620166664,19.93989508029709,24.666576160036236,61.77993615136665,51.245830389002265,72.31404191373103,0.35481649433333334,0.3196376642799242,0.3899953243867425,5.61526031974999,4.506579303905132,6.723941335594849,4.96065502213884,4.863011661095533,5.058298383182147,20.331662943909006,20.03859357244026,20.624732315377752,5.953224152343606,-0.6240862667907976,12.53053457147801,701736.7741010293,276430.26654288295,1127043.2816591756,283.8187499841054,280.2191879167498,287.41831205146104,5996.7578125,5361.38601174943,6632.12961325057,0.0,0.0,0.0,0.0,0.0,0.0,0.0,0.0,0.0,0.0,0.0,0.0,6203.0,0.0,701736.7741010293,0.0,0.0,0.0,0.0
192,baseline_cpu_ssd,2xHBM+SSD tiering,3,101;102;103,0.9839821057161914,0.9803961123456391,0.9875680990867437,0.9839821057161914,0.9803961123456391,0.9875680990867437,0.8904302219970629,0.8654203145911022,0.9154401294030236,0.822902664082028,0.7934463071340564,0.8523590210299995,21.53864637662619,15.374591019587754,27.702701733664625,19.4564004038117,13.12399551500031,25.78880529262309,17.569385594672905,11.78959472495577,23.34917646439004,21.438535960333336,14.74471876730431,28.132353153362363,57.15288134225,39.88239165778403,74.42337102671597,0.42945066083333333,0.38760281193484236,0.4712985097318243,12.797167570633306,9.70507339751554,15.889261743751073,5.677886148584565,5.195073900015962,6.160698397153168,23.026745070212456,22.636319639823952,23.41717050060096,21.912796086577,15.735167121906546,28.090425051247454,237476.46266454065,177690.44018396843,297262.4851451129,538.6252375443777,506.49484710459564,570.7556279841597,7405.412760416667,5279.658398543254,9531.16712229008,8752.0,0.0,42863.0,0.0,9272.0,0.0,0.0,0.0,0.0,0.0,8752.0,42545.0,10049.666666666666,0.0,237477.60451105467,0.0,0.0,0.0,0.0
192,hbf_tp8_context,HBM+HBF (tp8_context),3,101;102;103,0.9853340990558116,0.9837425192872583,0.9869256788243649,0.9853340990558116,0.9837425192872583,0.9869256788243649,0.9597422392093082,0.9500376777514082,0.9694468006672082,0.9271612456609147,0.9116807745070784,0.9426417168147511,21.686781374373506,15.530954164428202,27.84260858431881,21.04644610666855,14.921246785976312,27.17164542736079,20.457922393869932,14.461522960468532,26.454321827271333,42.4192026245,33.89036481028209,50.94804043871792,100.90219748733334,73.86259664455356,127.94179833011312,0.19048145149999998,0.16503694871418628,0.21592595428581368,2.172957217483331,1.8674072323093514,2.478507202657311,8.080838745104517,7.488923350533237,8.672754139675797,60.63358097644033,48.81889001746217,72.44827193541849,21.866934338124832,15.718142863919276,28.015725812330388,237972.68290641668,177880.0961612726,298065.26965156075,3748.7969801425934,3693.0433296744927,3804.550630610694,1281.7955729166667,1278.7644928616512,1284.8266529716823,0.0,203.66666666666666,1144.0,0.0,0.0,1495.0,0.0,147.0,38610.333333333336,0.0,203.66666666666666,5.0,10049.666666666666,5757020798976.0,237973.82475293067,2.090173562356886,2.090183591480257,665523912704.0,0.065382052530111
192,oracle_infinite_hbm,Infinite-HBM Oracle,3,101;102;103,0.9837887946925176,0.980958936277633,0.9866186531074022,0.9837887946925176,0.980958936277633,0.9866186531074022,0.9062598225651142,0.8848095298370391,0.9277101152931893,0.8553600217496228,0.8326123920240118,0.8781076514752337,21.598414642982945,15.403827305596803,27.793001980369088,19.839948863680693,13.564639270729774,26.11525845663161,18.352474414651372,12.540159321653896,24.164789507648848,21.901010460166663,16.385149833819167,27.41687108651416,60.78953401983333,48.04158563708478,73.53748240258189,0.3901157058333333,0.3394676234848479,0.44076378818181877,13.067154480816663,9.073169390552113,17.061139571081213,5.699037213250907,5.160741471177252,6.237332955324563,28.122776054166238,25.61945018887077,30.626101919461707,21.919919109505503,15.754613348875578,28.085224870135427,237396.77961488065,177476.21304080746,297317.34618895384,480.8185997804006,479.2877958583994,482.34940370240173,11012.87890625,11006.448283667758,11019.309528832242,0.0,0.0,0.0,0.0,0.0,0.0,0.0,0.0,0.0,0.0,0.0,0.0,10049.666666666666,0.0,237397.92146139467,0.0,0.0,0.0,0.0
256,baseline_cpu_ssd,2xHBM+SSD tiering,3,101;102;103,0.9753724564473831,0.9735016769963226,0.9772432358984436,0.9753724564473831,0.9735016769963226,0.9772432358984436,0.8234350143810493,0.816623720099034,0.8302463086630646,0.7398822500608936,0.7302786102624084,0.7494858898593788,16.51977873781747,6.938373713364605,26.101183762270338,14.010642732665145,5.8330914203115665,22.188194045018726,12.50431459790093,5.205082542023656,19.803546653778202,16.868973715666666,12.413856814481075,21.324090616852256,56.793550837949994,44.25387314342767,69.33322853247232,0.5806686521666666,0.541030364366105,0.6203069399672283,20.218358306316677,19.64822687774171,20.788489734891645,8.334853518562351,8.008519328056042,8.66118770906866,23.310118010125823,23.250435887427283,23.369800132824363,16.988535587676562,7.164422084173259,26.812649091179864,488466.9929650623,66622.15489049966,910311.831039625,710.1713155110677,688.9246206530127,731.4180103691228,4954.2578125,4395.810407262428,5512.705217737572,16749.0,0.0,49254.0,0.0,17410.0,0.0,0.0,0.0,0.0,0.0,16749.0,48999.0,10831.666666666666,0.0,488466.9929650623,0.0,0.0,0.0,0.0
256,hbf_tp8_context,HBM+HBF (tp8_context),3,101;102;103,0.9788510029046643,0.9754821199197373,0.9822198858895913,0.9788510029046643,0.9754821199197373,0.9822198858895913,0.9433317589455267,0.9362620655954413,0.950401452295612,0.8853961736225769,0.8771727126793114,0.8936196345658425,16.688560102524413,7.076537372743456,26.30058283230537,16.137361586868675,6.848385135905145,25.426338037832203,15.248843054568757,6.434550127280387,24.06313598185713,40.920194426833326,33.645749495798924,48.19463935786773,100.17363187999992,78.58478020860584,121.762483551394,0.21720145516666667,0.20033466929173507,0.23406824104159826,3.7066369595833404,2.321568819654177,5.091705099512504,10.426457240474084,8.901738327269221,11.951176153678947,86.41981625452483,80.98931695639787,91.8503155526518,16.88103497400871,7.160236297894675,26.601833650122742,489887.5305148643,69220.57681815879,910554.4842115699,5965.235010306041,5743.363129056237,6187.106891555844,1375.59765625,1374.019013742546,1377.176298757454,0.0,375.0,1261.3333333333333,0.0,0.0,1834.6666666666667,0.0,197.66666666666666,65739.33333333333,0.0,375.0,9.333333333333334,10831.666666666666,7596391923712.0,489887.5305148643,1.339752945985226,1.339752945985226,826643447808.0,0.08121067372119069
256,oracle_infinite_hbm,Infinite-HBM Oracle,3,101;102;103,0.9640735629619205,0.956649427661464,0.971497698262377,0.9640735629619205,0.956649427661464,0.971497698262377,0.875699219919995,0.8652696962654365,0.8861287435745535,0.8140629728239839,0.808736867642598,0.8193890780053698,16.541021567785194,6.995934535845484,26.086108599724902,15.039271722027577,6.373730951132471,23.704812492922684,13.81754633721871,5.877911058329253,21.757181616108166,28.169438909999997,27.154894413375544,29.18398340662445,79.06957494973331,71.3474213370195,86.79172856244712,0.4569634696666666,0.4231569274547459,0.4907700118785873,20.700223250983335,17.187706979056543,24.212739522910127,8.421461214966898,7.912609438194986,8.93031299173881,34.71718980425735,33.886870529600586,35.54750907891412,16.98877621583521,7.163858955089829,26.81369347658059,488487.03630738467,66586.87232136767,910387.2002934017,573.2762924830118,566.5905688790095,579.9620160870141,8214.932291666666,5577.7470026890405,10852.117580644292,0.0,0.0,0.0,0.0,0.0,0.0,0.0,0.0,0.0,0.0,0.0,0.0,10831.666666666666,0.0,488487.03630738467,0.0,0.0,0.0,0.0
384,baseline_cpu_ssd,2xHBM+SSD tiering,3,101;102;103,0.9554867841878121,0.9496966077994502,0.961276960576174,0.9554867841878121,0.9496966077994502,0.961276960576174,0.7304982238027501,0.7107212594816573,0.7502751881238429,0.6319247832114013,0.6147043175494835,0.6491452488733191,6.923526061396243,5.589270511617302,8.257781611175183,5.454676097900461,4.381049380391367,6.528302815409555,4.702993794334424,3.7662426873709487,5.6397449012979,12.404582579333331,11.445040596564459,13.364124562102203,38.29502622874995,32.848216981138556,43.74183547636134,0.8328236926666667,0.7097838861983471,0.9558634991349862,28.15734926546666,26.457287151660474,29.857411379272847,11.640896622737948,11.313195317993674,11.968597927482222,23.541382974986373,23.496555682727877,23.58621026724487,7.321344113649745,5.985240943679493,8.657447283619996,1088880.2619319456,922262.9343411961,1255497.589522695,992.2249972025553,986.8803594048937,997.5696350002169,4573.260416666667,4562.858659410962,4583.662173922372,32507.0,62.0,52202.0,0.0,33677.0,0.0,0.0,0.0,0.0,0.0,32569.0,51774.0,13594.0,0.0,1088882.3618099059,0.0,0.0,0.0,0.0
384,hbf_tp8_context,HBM+HBF (tp8_context),3,101;102;103,0.9701195195547387,0.9601465809402775,0.9800924581692,0.9701195195547387,0.9601465809402775,0.9800924581692,0.8678038143787803,0.8546891419056006,0.88091848685196,0.8070964008180762,0.7986131214705119,0.8155796801656405,7.1792454984899665,5.835243611889977,8.523247385089956,6.5187470593636165,5.313540864022099,7.723953254705134,6.0787432636577465,4.919451336735982,7.238035190579511,43.53957364433334,29.4894713817415,57.58967590692518,114.12670126739988,100.84919962602496,127.4042029087748,0.2535173645,0.2367167595258495,0.27031796947415054,12.378315491449982,10.964850336657369,13.791780646242595,18.04741513469168,17.24046015182269,18.85437011756067,101.95335037572961,98.82269845319446,105.08400229826476,7.317506763496194,5.9810611875487805,8.653952339443608,1089482.687591108,922601.7277584113,1256363.6474238047,10624.524293899536,10428.225041240154,10820.823546558919,1488.3645833333333,1470.7985487002065,1505.93061796646,0.0,1010.0,1183.6666666666667,0.0,0.0,2508.6666666666665,0.0,311.6666666666667,103639.33333333333,0.0,1010.0,13.666666666666666,13594.0,10239823118336.0,1089484.7874690683,0.8120542182874203,0.8120557834474497,1147091058688.0,0.11269192049199332
384,oracle_infinite_hbm,Infinite-HBM Oracle,3,101;102;103,0.9433154349654108,0.9397930907163029,0.9468377792145187,0.9433154349654108,0.9397930907163029,0.9468377792145187,0.8396909838359417,0.822563128461496,0.8568188392103873,0.7733389181386622,0.7625156909401675,0.7841621453371569,6.995055321310535,5.706978970494073,8.283131672126997,6.263266990977921,5.045444716904092,7.481089265051749,5.664407407976564,4.5978978784311995,6.730916937521929,29.468540573333332,21.966971079886214,36.97011006678045,97.11990002814997,79.14564131665672,115.09415873964322,0.5139089035000001,0.45908560709039986,0.5687321999096003,30.266060316799926,28.22356282700539,32.308557806594465,11.633526545683054,11.272922352968726,11.994130738397383,47.02872732911529,45.6718080326212,48.38564662560938,7.320019523034322,5.984212613195899,8.655826432872745,1089063.6277575893,922567.9496076679,1255559.3059075107,706.9905547300974,669.8236517930751,744.1574576671197,4875.516927083333,4470.49564088002,5280.538213286646,0.0,0.0,0.0,0.0,0.0,0.0,0.0,0.0,0.0,0.0,0.0,0.0,13594.0,0.0,1089065.7276355496,0.0,0.0,0.0,0.0
512,baseline_cpu_ssd,2xHBM+SSD tiering,3,101;102;103,0.9123485778226605,0.8952437952918566,0.9294533603534645,0.9123485778226605,0.8952437952918566,0.9294533603534645,0.6584021867824899,0.63438532308104,0.6824190504839397,0.5659051173147281,0.5444915601404684,0.5873186744889879,10.485148828344842,9.39174947487099,11.578548181818695,7.940784660383602,6.872007119647809,9.009562201119394,6.72207200339885,5.853211176925859,7.590932829871841,11.327870058833334,7.292970968159155,15.362769149507512,40.7086584065,27.464091074822477,53.95322573817752,1.190090489,1.0485831347549204,1.3315978432450795,39.31855584913333,36.514125588394265,42.1229861098724,11.728262881324374,11.226067028655963,12.230458733992785,23.41104235121541,23.381385682713944,23.440699019716877,11.685269298452118,10.549562515648626,12.82097608125561,1097128.4877044407,1021808.0882550111,1172448.8871538702,2046.5890138149261,2003.515630285894,2089.662397343958,5702.834635416667,5670.216787803544,5735.45248302979,53346.0,6323.0,64585.0,0.0,61733.0,0.0,0.0,0.0,0.0,0.0,59669.0,63696.0,22070.333333333332,0.0,1097129.249328513,0.0,0.0,0.0,0.0
512,oracle_infinite_hbm,Infinite-HBM Oracle,3,101;102;103,0.9519352749544123,0.9463752685834643,0.9574952813253603,0.9519352749544123,0.9463752685834643,0.9574952813253603,0.8384474831359938,0.8311153746039724,0.8457795916680152,0.7693965116224479,0.7615398795916284,0.7772531436532675,11.240861971642822,10.113241791616101,12.368482151669543,9.95845610817046,8.88621526498105,11.030696951359868,8.875585824860131,7.974614859664737,9.776556790055526,33.12433856483333,26.009628553977077,40.23904857568958,95.16977951258333,72.29732841180012,118.04223061336654,0.523371878,0.4932919959942248,0.5534517600057751,26.38029581039999,23.84390643076424,28.91668519003574,11.10493462257602,10.441365076411035,11.768504168741003,59.90087398292578,58.43058486429653,61.371163101555034,11.683049007898127,10.547043300860981,12.819054714935273,1097338.1138726566,1022031.9726059643,1172644.255139349,853.0482421716055,810.4346840760456,895.6618002671653,5938.795572916667,5415.517544084099,6462.0736017492345,0.0,0.0,0.0,0.0,0.0,0.0,0.0,0.0,0.0,0.0,0.0,0.0,22070.333333333332,0.0,1097338.875496729,0.0,0.0,0.0,0.0
768,baseline_cpu_ssd,2xHBM+SSD tiering,3,101;102;103,0.7874958461801381,0.7634957887199408,0.8114959036403354,0.7874958461801381,0.7634957887199408,0.8114959036403354,0.6182696539616198,0.5785734753428967,0.6579658325803429,0.5328026752855982,0.500141915473706,0.5654634350974904,9.42778512051807,8.324329966421724,10.531240274614417,7.67771551399188,6.6015172507657685,8.753913777217992,6.4623697378692695,5.646612859308085,7.278126616430454,10.525558819166667,8.596211281104866,12.454906357228468,45.522892940633255,38.00628222835144,53.03950365291507,1.5725796953333333,1.2565570070974177,1.888602383569249,73.89252621373329,72.28240017284749,75.5026522546191,13.76812362212275,11.776999981239541,15.75924726300596,23.121379958428424,22.977137638209616,23.265622278647232,12.06585729283634,10.772999280522527,13.358715305150152,1737463.2899433326,1737362.823940696,1737563.7559459691,6373.509429852168,6298.503341695176,6448.515518009161,9992.0390625,9987.15706382782,9996.92106117218,60200.0,41121.0,113965.0,0.0,105425.0,0.0,0.0,0.0,0.0,0.0,101321.0,112121.0,36017.666666666664,0.0,1737463.8943074367,0.0,0.0,0.0,0.0
768,oracle_infinite_hbm,Infinite-HBM Oracle,3,101;102;103,0.9223790078103891,0.9076560840319374,0.9371019315888407,0.9223790078103891,0.9076560840319374,0.9371019315888407,0.8198124981961462,0.8047096000037356,0.8349153963885568,0.7201682133231843,0.7077682650973354,0.7325681615490331,11.350191653890088,10.07160369580964,12.628779611970534,10.123512227912189,8.928283293000675,11.318741162823702,8.733500788849163,7.7968546651986435,9.670146912499682,49.1911157355,42.23573257532586,56.146498895674135,137.71644825289997,130.94962320205482,144.4832733037451,0.5669191111666666,0.5231096649447261,0.6107285573886071,41.75165210016658,36.506286627603394,46.99701757272977,14.562653121225617,12.314095606727324,16.81121063572391,92.63356899151644,89.49269550330384,95.77444247972905,12.077844953851452,10.784047279136727,13.371642628566176,1735735.8199547678,1735575.4719416564,1735896.1679678792,1456.74538564682,1450.6369791642965,1462.8537921293437,9359.994791666666,9332.876136450286,9387.113446883046,0.0,0.0,0.0,0.0,0.0,0.0,0.0,0.0,0.0,0.0,0.0,0.0,36017.666666666664,0.0,1735736.4243188717,0.0,0.0,0.0,0.0
1024,baseline_cpu_ssd,2xHBM+SSD tiering,3,101;102;103,0.7086707392378796,0.674645382352589,0.7426960961231702,0.7086707392378796,0.674645382352589,0.7426960961231702,0.5508801460385642,0.5092004897162817,0.5925598023608466,0.46674362056484187,0.43247437566505,0.5010128654646337,12.771042214470748,11.626848066300472,13.915236362641025,10.213057206932724,9.575927422781511,10.850186991083937,8.422456586134537,7.7780494962788715,9.066863675990202,14.045394625166667,12.123033428580403,15.967755821752931,67.09461920814998,61.65106594422804,72.53817247207192,2.9370171736666664,1.5048923550864344,4.369141992246899,115.0579835719666,108.01223847248633,122.10372867144687,14.856920298757267,13.0161203115391,16.697720285975432,23.169997263461415,23.06920268365289,23.27079184326994,18.141479080309548,15.621005826447906,20.66195233417119,1484560.292163288,1181355.703639912,1787764.880686664,14855.5433456103,14580.764009552238,15130.322681668362,11857.65234375,11844.997889560274,11870.306797939726,67232.0,77157.0,123196.0,0.0,149716.0,0.0,0.0,0.0,0.0,0.0,144389.0,120977.0,46433.333333333336,0.0,1484564.306384545,0.0,0.0,0.0,0.0
1024,oracle_infinite_hbm,Infinite-HBM Oracle,3,101;102;103,0.9042161375168641,0.8975505313884515,0.9108817436452767,0.9042161375168641,0.8975505313884515,0.9108817436452767,0.7807146523537267,0.761276374300171,0.8001529304072824,0.6449020809556987,0.6246739310576603,0.665130230853737,16.71100489389174,14.546798299796887,18.875211487986594,14.493458547209018,12.853725473870071,16.133191620547965,11.741238477760987,10.238468910206462,13.244008045315512,78.90404428933334,68.73441510186952,89.07367347679717,218.56210672916666,151.90965544107948,285.2145580172538,0.6437605285,0.6371002936000139,0.6504207633999861,61.82029852109997,47.02562064996858,76.61497639223137,18.102415921584406,14.072382727185746,22.132449115983064,126.17588334612809,121.35967012525016,130.99209656700603,18.133301554923772,15.616614317071935,20.64998879277561,1485193.4785393085,1182034.2082808374,1788352.7487977797,1787.0274189313252,1779.1677514105131,1794.8870864521373,10751.821614583334,10747.969157933898,10755.67407123277,0.0,0.0,0.0,0.0,0.0,0.0,0.0,0.0,0.0,0.0,0.0,0.0,46433.333333333336,0.0,1485197.4927605654,0.0,0.0,0.0,0.0
